X,0,143.82,Y,1,-90.45,Z,2,-81.63,H,3,337.80
X,0,156.00,Y,1,-80.45,Z,2,-36.43,H,3,342.69
X,0,162.27,Y,1,-80.36,Z,2,-1.02,H,3,343.62
X,0,155.18,Y,1,-79.64,Z,2,21.73,H,3,342.80
X,0,142.55,Y,1,-81.55,Z,2,25.31,H,3,340.20
X,0,125.00,Y,1,-89.82,Z,2,25.71,H,3,334.27
X,0,117.45,Y,1,-103.73,Z,2,6.12,H,3,328.52
X,0,113.00,Y,1,-106.91,Z,2,1.43,H,3,326.56
X,0,106.55,Y,1,-116.45,Z,2,-7.65,H,3,322.43
X,0,105.00,Y,1,-122.73,Z,2,-12.55,H,3,320.52
X,0,109.36,Y,1,-129.73,Z,2,-21.94,H,3,320.10
X,0,113.55,Y,1,-131.45,Z,2,-28.88,H,3,320.79
X,0,114.18,Y,1,-128.09,Z,2,-28.57,H,3,321.68
X,0,112.09,Y,1,-119.45,Z,2,-28.78,H,3,323.15
X,0,111.55,Y,1,-117.09,Z,2,-28.16,H,3,323.58
X,0,113.64,Y,1,-116.27,Z,2,-27.24,H,3,324.31
X,0,116.91,Y,1,-116.64,Z,2,-30.31,H,3,325.04
X,0,124.18,Y,1,-116.45,Z,2,-32.55,H,3,326.81
X,0,134.00,Y,1,-107.27,Z,2,-38.47,H,3,331.29
X,0,137.82,Y,1,-98.55,Z,2,-36.43,H,3,334.40
X,0,136.82,Y,1,-80.82,Z,2,-34.59,H,3,339.40
X,0,133.45,Y,1,-75.27,Z,2,-31.12,H,3,340.55
X,0,133.82,Y,1,-63.73,Z,2,-30.10,H,3,344.50
X,0,133.64,Y,1,-54.18,Z,2,-29.59,H,3,347.90
X,0,132.91,Y,1,-49.91,Z,2,-29.18,H,3,349.39
X,0,132.82,Y,1,-42.09,Z,2,-31.53,H,3,352.39
X,0,132.18,Y,1,-37.73,Z,2,-32.04,H,3,354.04
X,0,129.73,Y,1,-30.27,Z,2,-33.27,H,3,356.83
X,0,125.91,Y,1,-22.73,Z,2,-39.39,H,3,359.74
X,0,122.73,Y,1,-19.73,Z,2,-39.80,H,3,0.84
X,0,116.82,Y,1,-13.45,Z,2,-37.96,H,3,3.40
X,0,113.91,Y,1,-9.73,Z,2,-34.18,H,3,5.09
X,0,106.45,Y,1,-0.73,Z,2,-34.69,H,3,9.58
X,0,100.18,Y,1,8.36,Z,2,-33.37,H,3,14.74
X,0,96.91,Y,1,11.27,Z,2,-31.84,H,3,16.60
X,0,93.36,Y,1,15.45,Z,2,-28.67,H,3,19.37
X,0,92.73,Y,1,17.64,Z,2,-27.65,H,3,20.74
X,0,93.73,Y,1,25.27,Z,2,-28.98,H,3,25.06
X,0,88.64,Y,1,32.91,Z,2,-29.49,H,3,30.34
X,0,83.36,Y,1,35.36,Z,2,-28.88,H,3,32.96
X,0,74.91,Y,1,37.27,Z,2,-27.86,H,3,36.42
X,0,71.91,Y,1,39.18,Z,2,-27.45,H,3,38.55
X,0,66.09,Y,1,43.00,Z,2,-26.63,H,3,43.02
X,0,63.45,Y,1,44.73,Z,2,-26.02,H,3,45.15
X,0,60.27,Y,1,47.64,Z,2,-24.49,H,3,48.29
X,0,54.73,Y,1,48.18,Z,2,-22.96,H,3,51.33
X,0,51.73,Y,1,47.82,Z,2,-22.04,H,3,52.72
X,0,42.82,Y,1,45.82,Z,2,-21.94,H,3,56.91
X,0,37.82,Y,1,44.91,Z,2,-23.47,H,3,59.87
X,0,31.09,Y,1,43.36,Z,2,-22.86,H,3,64.33
X,0,26.91,Y,1,41.91,Z,2,-20.71,H,3,67.27
X,0,24.09,Y,1,41.27,Z,2,-20.00,H,3,69.70
X,0,18.27,Y,1,39.82,Z,2,-18.78,H,3,75.32
X,0,15.73,Y,1,39.73,Z,2,-19.39,H,3,78.37
X,0,10.00,Y,1,40.00,Z,2,-20.92,H,3,85.93
X,0,4.73,Y,1,38.27,Z,2,-19.90,H,3,92.93
X,0,3.09,Y,1,37.45,Z,2,-19.59,H,3,95.25
X,0,-1.09,Y,1,36.00,Z,2,-19.39,H,3,101.71
X,0,-3.09,Y,1,35.18,Z,2,-18.78,H,3,104.99
X,0,-7.91,Y,1,33.45,Z,2,-17.35,H,3,113.27
X,0,-15.36,Y,1,30.82,Z,2,-13.47,H,3,126.47
X,0,-16.73,Y,1,30.82,Z,2,-13.16,H,3,128.46
X,0,-12.27,Y,1,34.64,Z,2,-13.57,H,3,119.48
X,0,-6.18,Y,1,38.64,Z,2,-14.39,H,3,109.06
X,0,5.82,Y,1,44.91,Z,2,-15.41,H,3,92.59
X,0,6.91,Y,1,46.55,Z,2,-16.02,H,3,91.53
X,0,11.64,Y,1,49.09,Z,2,-18.06,H,3,86.63
X,0,20.18,Y,1,52.73,Z,2,-19.69,H,3,79.02
X,0,23.45,Y,1,52.82,Z,2,-19.80,H,3,76.03
X,0,25.55,Y,1,51.73,Z,2,-19.90,H,3,73.69
X,0,27.45,Y,1,52.00,Z,2,-20.41,H,3,72.14
X,0,35.91,Y,1,52.55,Z,2,-21.84,H,3,65.62
X,0,47.18,Y,1,52.64,Z,2,-22.86,H,3,58.10
X,0,51.18,Y,1,53.00,Z,2,-23.57,H,3,55.97
X,0,57.36,Y,1,52.64,Z,2,-24.59,H,3,52.51
X,0,60.00,Y,1,53.18,Z,2,-26.12,H,3,51.52
X,0,65.18,Y,1,52.82,Z,2,-29.18,H,3,48.99
X,0,68.18,Y,1,53.64,Z,2,-31.84,H,3,48.16
X,0,68.82,Y,1,53.82,Z,2,-30.51,H,3,48.00
X,0,72.91,Y,1,53.36,Z,2,-28.06,H,3,46.17
X,0,76.73,Y,1,52.91,Z,2,-27.55,H,3,44.56
X,0,89.18,Y,1,52.82,Z,2,-31.33,H,3,40.61
X,0,103.73,Y,1,49.09,Z,2,-36.84,H,3,35.30
X,0,110.64,Y,1,46.82,Z,2,-39.49,H,3,32.91
X,0,124.36,Y,1,41.55,Z,2,-45.51,H,3,28.44
X,0,126.64,Y,1,38.82,Z,2,-46.33,H,3,27.01
X,0,136.45,Y,1,33.18,Z,2,-50.00,H,3,23.64
X,0,140.73,Y,1,29.09,Z,2,-50.92,H,3,21.65
X,0,146.18,Y,1,17.00,Z,2,-49.39,H,3,16.60
X,0,146.18,Y,1,3.55,Z,2,-42.76,H,3,11.36
X,0,144.73,Y,1,-2.64,Z,2,-39.39,H,3,8.93
X,0,145.27,Y,1,-14.27,Z,2,-34.29,H,3,4.36
X,0,148.00,Y,1,-19.36,Z,2,-36.43,H,3,2.52
X,0,152.91,Y,1,-29.18,Z,2,-39.39,H,3,359.16
X,0,151.00,Y,1,-39.18,Z,2,-39.80,H,3,355.42
X,0,149.45,Y,1,-44.64,Z,2,-40.82,H,3,353.34
X,0,145.09,Y,1,-59.55,Z,2,-40.51,H,3,347.66
X,0,142.64,Y,1,-66.82,Z,2,-41.43,H,3,344.87
X,0,139.27,Y,1,-78.09,Z,2,-44.08,H,3,340.69
X,0,137.45,Y,1,-84.18,Z,2,-46.84,H,3,338.48
X,0,137.00,Y,1,-86.73,Z,2,-48.16,H,3,337.63
X,0,135.64,Y,1,-93.36,Z,2,-47.76,H,3,335.43
X,0,135.27,Y,1,-97.55,Z,2,-47.76,H,3,334.17
X,0,129.91,Y,1,-107.00,Z,2,-45.82,H,3,330.49
X,0,116.73,Y,1,-111.45,Z,2,-36.43,H,3,326.29
X,0,112.09,Y,1,-113.36,Z,2,-35.71,H,3,324.65
X,0,104.45,Y,1,-119.27,Z,2,-37.55,H,3,321.18
X,0,100.27,Y,1,-121.64,Z,2,-36.84,H,3,319.47
X,0,93.64,Y,1,-122.91,Z,2,-35.41,H,3,317.27
X,0,90.91,Y,1,-123.09,Z,2,-35.41,H,3,316.42
X,0,90.36,Y,1,-123.00,Z,2,-36.94,H,3,316.27
X,0,86.55,Y,1,-127.45,Z,2,-38.98,H,3,314.15
X,0,82.64,Y,1,-128.64,Z,2,-40.41,H,3,312.69
X,0,78.27,Y,1,-131.73,Z,2,-45.61,H,3,310.69
X,0,76.09,Y,1,-131.73,Z,2,-48.16,H,3,309.98
X,0,69.45,Y,1,-131.36,Z,2,-43.67,H,3,307.84
X,0,64.00,Y,1,-132.18,Z,2,-43.78,H,3,305.80
X,0,61.73,Y,1,-132.45,Z,2,-43.98,H,3,304.96
X,0,58.91,Y,1,-134.18,Z,2,-44.59,H,3,303.67
X,0,57.36,Y,1,-134.73,Z,2,-45.41,H,3,303.03
X,0,54.00,Y,1,-136.27,Z,2,-45.71,H,3,301.59
X,0,51.64,Y,1,-136.64,Z,2,-44.29,H,3,300.67
X,0,53.55,Y,1,-137.91,Z,2,-42.76,H,3,301.19
X,0,54.91,Y,1,-138.73,Z,2,-44.59,H,3,301.56
X,0,53.27,Y,1,-139.18,Z,2,-46.73,H,3,300.91
X,0,50.73,Y,1,-140.45,Z,2,-42.45,H,3,299.83
X,0,56.09,Y,1,-139.18,Z,2,-46.53,H,3,301.92
X,0,60.82,Y,1,-138.00,Z,2,-47.96,H,3,303.75
X,0,69.45,Y,1,-135.45,Z,2,-51.22,H,3,307.12
X,0,73.00,Y,1,-134.73,Z,2,-51.12,H,3,308.42
X,0,79.73,Y,1,-131.36,Z,2,-50.31,H,3,311.22
X,0,87.00,Y,1,-127.00,Z,2,-49.59,H,3,314.38
X,0,91.00,Y,1,-125.27,Z,2,-50.71,H,3,315.96
X,0,97.36,Y,1,-123.27,Z,2,-54.39,H,3,318.27
X,0,98.64,Y,1,-123.73,Z,2,-56.12,H,3,318.53
X,0,101.73,Y,1,-122.09,Z,2,-57.86,H,3,319.77
X,0,105.45,Y,1,-117.73,Z,2,-60.41,H,3,321.82
X,0,108.73,Y,1,-113.09,Z,2,-61.12,H,3,323.84
X,0,110.91,Y,1,-110.18,Z,2,-59.39,H,3,325.16
X,0,112.00,Y,1,-108.91,Z,2,-58.98,H,3,325.77
X,0,115.36,Y,1,-106.27,Z,2,-60.00,H,3,327.32
X,0,117.55,Y,1,-104.09,Z,2,-60.20,H,3,328.44
X,0,122.09,Y,1,-98.73,Z,2,-61.94,H,3,331.01
X,0,125.00,Y,1,-94.73,Z,2,-63.47,H,3,332.81
X,0,125.55,Y,1,-93.09,Z,2,-63.27,H,3,333.41
X,0,126.55,Y,1,-89.55,Z,2,-62.04,H,3,334.69
X,0,128.09,Y,1,-88.82,Z,2,-66.02,H,3,335.23
X,0,131.18,Y,1,-86.55,Z,2,-67.65,H,3,336.56
X,0,131.91,Y,1,-81.55,Z,2,-66.43,H,3,338.25
X,0,132.45,Y,1,-79.00,Z,2,-66.43,H,3,339.16
X,0,132.09,Y,1,-71.36,Z,2,-65.92,H,3,341.59
X,0,131.82,Y,1,-66.73,Z,2,-64.59,H,3,343.12
X,0,130.00,Y,1,-56.45,Z,2,-59.59,H,3,346.50
X,0,126.45,Y,1,-45.18,Z,2,-53.37,H,3,350.31
X,0,123.82,Y,1,-39.73,Z,2,-51.02,H,3,352.18
X,0,118.91,Y,1,-29.09,Z,2,-46.94,H,3,356.22
X,0,117.36,Y,1,-24.55,Z,2,-47.24,H,3,358.16
X,0,114.55,Y,1,-18.09,Z,2,-49.80,H,3,0.99
X,0,111.27,Y,1,-14.82,Z,2,-44.49,H,3,2.38
X,0,109.55,Y,1,-13.09,Z,2,-43.57,H,3,3.15
X,0,108.00,Y,1,-7.55,Z,2,-46.73,H,3,5.97
X,0,108.45,Y,1,-4.18,Z,2,-44.49,H,3,7.76
X,0,115.00,Y,1,1.55,Z,2,-48.88,H,3,10.74
X,0,116.55,Y,1,4.45,Z,2,-52.76,H,3,12.16
X,0,117.64,Y,1,10.09,Z,2,-59.49,H,3,14.87
X,0,116.73,Y,1,12.73,Z,2,-58.98,H,3,16.19
X,0,115.09,Y,1,13.82,Z,2,-58.47,H,3,16.82
X,0,112.18,Y,1,16.09,Z,2,-56.53,H,3,18.13
X,0,110.55,Y,1,17.45,Z,2,-55.00,H,3,18.94
X,0,106.55,Y,1,19.91,Z,2,-50.82,H,3,20.55
X,0,102.27,Y,1,22.55,Z,2,-48.27,H,3,22.40
X,0,99.82,Y,1,24.18,Z,2,-46.33,H,3,23.59
X,0,96.27,Y,1,26.55,Z,2,-44.39,H,3,25.38
X,0,95.91,Y,1,27.18,Z,2,-44.69,H,3,25.79
X,0,94.64,Y,1,28.45,Z,2,-46.84,H,3,26.70
X,0,93.09,Y,1,27.82,Z,2,-45.71,H,3,26.61
X,0,92.36,Y,1,27.45,Z,2,-45.20,H,3,26.52
X,0,91.73,Y,1,27.18,Z,2,-46.53,H,3,26.48
X,0,91.45,Y,1,27.36,Z,2,-45.41,H,3,26.63
X,0,90.64,Y,1,28.18,Z,2,-42.96,H,3,27.24
X,0,86.55,Y,1,29.91,Z,2,-41.53,H,3,29.03
X,0,83.91,Y,1,30.27,Z,2,-40.51,H,3,29.81
X,0,76.73,Y,1,31.45,Z,2,-39.18,H,3,32.26
X,0,74.73,Y,1,31.82,Z,2,-37.65,H,3,33.03
X,0,71.91,Y,1,32.27,Z,2,-31.84,H,3,34.14
X,0,70.00,Y,1,33.27,Z,2,-29.29,H,3,35.39
X,0,74.45,Y,1,43.27,Z,2,-29.18,H,3,40.13
X,0,85.09,Y,1,58.36,Z,2,-37.45,H,3,44.42
X,0,82.45,Y,1,63.36,Z,2,-37.45,H,3,47.51
X,0,70.91,Y,1,70.45,Z,2,-35.82,H,3,54.79
X,0,62.64,Y,1,71.55,Z,2,-34.18,H,3,58.77
X,0,49.55,Y,1,72.09,Z,2,-29.90,H,3,65.47
X,0,38.09,Y,1,73.55,Z,2,-27.65,H,3,72.59
X,0,34.91,Y,1,73.55,Z,2,-26.53,H,3,74.58
X,0,37.55,Y,1,75.64,Z,2,-21.73,H,3,73.57
X,0,34.27,Y,1,74.09,Z,2,-18.47,H,3,75.15
X,0,23.27,Y,1,70.45,Z,2,-17.04,H,3,81.69
X,0,10.82,Y,1,65.27,Z,2,-18.27,H,3,90.56
X,0,4.45,Y,1,60.64,Z,2,-18.06,H,3,95.77
X,0,-2.00,Y,1,55.73,Z,2,-17.45,H,3,102.02
X,0,-3.45,Y,1,54.36,Z,2,-16.63,H,3,103.61
X,0,-7.27,Y,1,48.64,Z,2,-13.88,H,3,108.47
X,0,-12.91,Y,1,42.00,Z,2,-11.33,H,3,117.05
X,0,-15.36,Y,1,39.27,Z,2,-10.00,H,3,121.34
X,0,-18.18,Y,1,35.18,Z,2,-9.59,H,3,127.30
X,0,-19.27,Y,1,34.18,Z,2,-9.18,H,3,129.39
X,0,-18.55,Y,1,32.18,Z,2,-8.47,H,3,129.92
X,0,-12.00,Y,1,35.00,Z,2,-8.06,H,3,118.89
X,0,-4.91,Y,1,38.55,Z,2,-8.27,H,3,107.23
X,0,13.27,Y,1,46.91,Z,2,-12.04,H,3,84.17
X,0,20.55,Y,1,48.09,Z,2,-14.29,H,3,76.84
X,0,26.64,Y,1,45.45,Z,2,-16.22,H,3,69.60
X,0,30.55,Y,1,45.73,Z,2,-16.73,H,3,66.23
X,0,38.55,Y,1,47.36,Z,2,-16.73,H,3,60.83
X,0,47.55,Y,1,45.18,Z,2,-14.18,H,3,53.51
X,0,53.45,Y,1,43.45,Z,2,-12.55,H,3,49.08
X,0,68.91,Y,1,39.82,Z,2,-12.76,H,3,39.99
X,0,77.91,Y,1,38.91,Z,2,-14.18,H,3,36.51
X,0,91.91,Y,1,36.36,Z,2,-18.78,H,3,31.56
X,0,97.91,Y,1,35.09,Z,2,-20.92,H,3,29.69
X,0,102.45,Y,1,32.73,Z,2,-17.14,H,3,27.68
X,0,112.27,Y,1,28.09,Z,2,-11.84,H,3,24.02
X,0,117.18,Y,1,24.82,Z,2,-10.31,H,3,21.93
X,0,126.91,Y,1,14.36,Z,2,-9.59,H,3,16.43
X,0,136.18,Y,1,2.64,Z,2,-9.39,H,3,11.08
X,0,138.00,Y,1,-2.36,Z,2,-9.90,H,3,8.99
X,0,138.45,Y,1,-14.55,Z,2,-6.63,H,3,3.97
X,0,139.00,Y,1,-20.09,Z,2,-7.65,H,3,1.74
X,0,139.00,Y,1,-31.27,Z,2,-8.27,H,3,357.29
X,0,139.73,Y,1,-42.64,Z,2,-9.18,H,3,353.00
X,0,139.82,Y,1,-47.64,Z,2,-10.51,H,3,351.16
X,0,136.91,Y,1,-56.36,Z,2,-10.61,H,3,347.59
X,0,138.36,Y,1,-62.27,Z,2,-12.04,H,3,345.74
X,0,138.82,Y,1,-76.91,Z,2,-16.12,H,3,340.98
X,0,135.91,Y,1,-83.27,Z,2,-15.82,H,3,338.47
X,0,130.00,Y,1,-91.36,Z,2,-16.73,H,3,334.87
X,0,122.45,Y,1,-96.45,Z,2,-19.39,H,3,331.74
X,0,119.82,Y,1,-99.18,Z,2,-19.29,H,3,330.35
X,0,113.27,Y,1,-105.27,Z,2,-19.80,H,3,327.07
X,0,112.18,Y,1,-108.55,Z,2,-21.63,H,3,325.91
X,0,110.00,Y,1,-112.09,Z,2,-22.55,H,3,324.43
X,0,105.45,Y,1,-113.82,Z,2,-22.14,H,3,322.79
X,0,101.82,Y,1,-114.00,Z,2,-20.92,H,3,321.74
X,0,93.18,Y,1,-116.27,Z,2,-20.20,H,3,318.68
X,0,89.18,Y,1,-117.55,Z,2,-20.00,H,3,317.16
X,0,88.09,Y,1,-119.18,Z,2,-19.29,H,3,316.44
X,0,83.82,Y,1,-121.27,Z,2,-18.67,H,3,314.62
X,0,80.64,Y,1,-121.18,Z,2,-18.57,H,3,313.61
X,0,76.73,Y,1,-121.73,Z,2,-19.49,H,3,312.19
X,0,75.00,Y,1,-121.55,Z,2,-20.82,H,3,311.65
X,0,72.00,Y,1,-122.18,Z,2,-21.22,H,3,310.48
X,0,70.91,Y,1,-122.45,Z,2,-21.33,H,3,310.04
X,0,71.09,Y,1,-122.45,Z,2,-21.84,H,3,310.11
X,0,72.27,Y,1,-121.45,Z,2,-23.06,H,3,310.72
X,0,73.82,Y,1,-121.55,Z,2,-23.47,H,3,311.24
X,0,72.55,Y,1,-123.55,Z,2,-23.98,H,3,310.39
X,0,72.82,Y,1,-123.18,Z,2,-23.98,H,3,310.56
X,0,72.91,Y,1,-123.00,Z,2,-25.00,H,3,310.63
X,0,72.18,Y,1,-123.55,Z,2,-23.67,H,3,310.27
X,0,70.45,Y,1,-124.55,Z,2,-24.59,H,3,309.47
X,0,72.45,Y,1,-127.09,Z,2,-26.33,H,3,309.66
X,0,75.91,Y,1,-127.91,Z,2,-29.90,H,3,310.66
X,0,86.27,Y,1,-126.91,Z,2,-33.78,H,3,314.18
X,0,93.82,Y,1,-122.27,Z,2,-31.73,H,3,317.47
X,0,100.64,Y,1,-118.45,Z,2,-31.53,H,3,320.32
X,0,112.55,Y,1,-110.64,Z,2,-30.92,H,3,325.46
X,0,116.36,Y,1,-109.91,Z,2,-31.63,H,3,326.60
X,0,121.45,Y,1,-107.45,Z,2,-31.12,H,3,328.47
X,0,123.73,Y,1,-105.73,Z,2,-30.31,H,3,329.45
X,0,123.45,Y,1,-105.82,Z,2,-30.10,H,3,329.37
X,0,123.55,Y,1,-105.27,Z,2,-30.20,H,3,329.54
X,0,124.36,Y,1,-104.91,Z,2,-31.43,H,3,329.82
X,0,128.82,Y,1,-102.27,Z,2,-34.08,H,3,331.52
X,0,133.18,Y,1,-97.91,Z,2,-35.92,H,3,333.65
X,0,135.27,Y,1,-96.73,Z,2,-36.43,H,3,334.40
X,0,137.36,Y,1,-95.45,Z,2,-37.04,H,3,335.17
X,0,137.09,Y,1,-93.36,Z,2,-36.02,H,3,335.71
X,0,139.73,Y,1,-85.55,Z,2,-35.31,H,3,338.49
X,0,144.36,Y,1,-71.64,Z,2,-34.69,H,3,343.58
X,0,145.82,Y,1,-66.45,Z,2,-33.88,H,3,345.47
X,0,150.45,Y,1,-56.64,Z,2,-33.88,H,3,349.34
X,0,151.00,Y,1,-52.09,Z,2,-32.65,H,3,350.94
X,0,150.09,Y,1,-43.09,Z,2,-32.65,H,3,353.95
X,0,151.09,Y,1,-38.73,Z,2,-34.08,H,3,355.59
X,0,153.09,Y,1,-29.64,Z,2,-39.18,H,3,359.01
X,0,153.91,Y,1,-18.73,Z,2,-44.29,H,3,3.03
X,0,154.09,Y,1,-15.91,Z,2,-43.57,H,3,4.07
X,0,156.18,Y,1,-10.55,Z,2,-43.67,H,3,6.11
X,0,155.45,Y,1,-6.36,Z,2,-44.29,H,3,7.63
X,0,150.09,Y,1,2.09,Z,2,-38.88,H,3,10.77
X,0,146.27,Y,1,12.45,Z,2,-39.90,H,3,14.84
X,0,142.36,Y,1,18.64,Z,2,-38.16,H,3,17.43
X,0,131.73,Y,1,28.91,Z,2,-34.90,H,3,22.35
X,0,125.64,Y,1,31.55,Z,2,-34.08,H,3,24.06
X,0,119.55,Y,1,35.55,Z,2,-33.98,H,3,26.53
X,0,114.91,Y,1,39.45,Z,2,-32.45,H,3,28.92
X,0,111.82,Y,1,41.82,Z,2,-30.92,H,3,30.47
X,0,102.82,Y,1,48.00,Z,2,-28.78,H,3,34.99
X,0,97.27,Y,1,52.09,Z,2,-28.67,H,3,38.14
X,0,87.18,Y,1,58.27,Z,2,-28.27,H,3,43.73
X,0,78.18,Y,1,67.09,Z,2,-27.65,H,3,50.60
X,0,70.82,Y,1,73.18,Z,2,-28.78,H,3,55.91
X,0,55.55,Y,1,89.45,Z,2,-30.71,H,3,68.13
X,0,45.91,Y,1,98.45,Z,2,-31.84,H,3,74.97
X,0,37.45,Y,1,119.36,Z,2,-35.61,H,3,82.55
X,0,58.55,Y,1,174.55,Z,2,-30.51,H,3,81.43
X,0,143.91,Y,1,-372.36,Z,2,-23.98,H,3,301.10
X,0,-372.36,Y,1,-372.36,Z,2,-18.88,H,3,234.97
X,0,-372.36,Y,1,148.45,Z,2,-13.27,H,3,168.23
X,0,-372.36,Y,1,66.64,Z,2,-14.49,H,3,179.82
X,0,-372.36,Y,1,28.36,Z,2,-9.69,H,3,185.61
X,0,-372.36,Y,1,-32.91,Z,2,-0.92,H,3,195.02
X,0,-372.36,Y,1,-66.91,Z,2,-4.18,H,3,200.16
X,0,-372.36,Y,1,-76.64,Z,2,-6.12,H,3,201.60
X,0,-372.36,Y,1,-91.09,Z,2,-10.82,H,3,203.72
X,0,-372.36,Y,1,-96.00,Z,2,-11.53,H,3,204.43
X,0,161.64,Y,1,-98.64,Z,2,-13.47,H,3,338.58
X,0,152.09,Y,1,-98.00,Z,2,-14.39,H,3,337.17
X,0,149.00,Y,1,-98.64,Z,2,-14.49,H,3,336.47
X,0,144.27,Y,1,-100.00,Z,2,-15.20,H,3,335.24
X,0,141.00,Y,1,-100.18,Z,2,-14.90,H,3,334.58
X,0,134.73,Y,1,-100.36,Z,2,-14.39,H,3,333.29
X,0,129.00,Y,1,-101.64,Z,2,-16.63,H,3,331.74
X,0,127.27,Y,1,-102.36,Z,2,-17.14,H,3,331.16
X,0,123.00,Y,1,-103.91,Z,2,-18.47,H,3,329.78
X,0,119.64,Y,1,-104.82,Z,2,-17.55,H,3,328.75
X,0,116.91,Y,1,-105.00,Z,2,-18.88,H,3,328.04
X,0,115.91,Y,1,-104.36,Z,2,-19.59,H,3,327.97
X,0,115.64,Y,1,-103.82,Z,2,-18.98,H,3,328.05
X,0,111.00,Y,1,-103.55,Z,2,-17.65,H,3,326.96
X,0,106.82,Y,1,-104.55,Z,2,-16.63,H,3,325.59
X,0,99.64,Y,1,-108.27,Z,2,-17.04,H,3,322.59
X,0,97.00,Y,1,-109.64,Z,2,-18.27,H,3,321.47
X,0,90.18,Y,1,-116.27,Z,2,-21.73,H,3,317.77
X,0,84.18,Y,1,-122.73,Z,2,-24.59,H,3,314.42
X,0,84.18,Y,1,-123.09,Z,2,-25.71,H,3,314.34
X,0,94.91,Y,1,-118.82,Z,2,-24.08,H,3,318.59
X,0,103.36,Y,1,-115.73,Z,2,-22.45,H,3,321.74
X,0,124.36,Y,1,-108.27,Z,2,-23.78,H,3,328.93
X,0,142.55,Y,1,-95.55,Z,2,-19.59,H,3,336.14
X,0,148.00,Y,1,-90.18,Z,2,-17.96,H,3,338.61
X,0,155.18,Y,1,-77.09,Z,2,-12.35,H,3,343.55
X,0,158.73,Y,1,-69.27,Z,2,-11.12,H,3,346.39
X,0,166.64,Y,1,-50.45,Z,2,-9.69,H,3,353.12
X,0,174.09,Y,1,-27.91,Z,2,-12.24,H,3,0.86
X,0,180.55,Y,1,-13.09,Z,2,-16.33,H,3,5.82
X,0,-372.36,Y,1,7.82,Z,2,-21.33,H,3,188.77
X,0,-372.36,Y,1,14.00,Z,2,-18.37,H,3,187.82
X,0,179.55,Y,1,22.00,Z,2,-12.14,H,3,16.96
X,0,172.18,Y,1,33.82,Z,2,-10.51,H,3,21.08
X,0,169.55,Y,1,39.27,Z,2,-10.31,H,3,23.01
X,0,162.91,Y,1,48.36,Z,2,-7.96,H,3,26.50
X,0,159.64,Y,1,52.91,Z,2,-7.45,H,3,28.31
X,0,153.91,Y,1,60.82,Z,2,-6.12,H,3,31.53
X,0,146.64,Y,1,67.91,Z,2,-3.67,H,3,34.82
X,0,141.91,Y,1,70.27,Z,2,-1.12,H,3,36.31
X,0,128.09,Y,1,74.00,Z,2,-1.02,H,3,39.99
X,0,120.91,Y,1,76.73,Z,2,-2.96,H,3,42.37
X,0,109.36,Y,1,77.45,Z,2,-3.67,H,3,45.28
X,0,105.45,Y,1,77.18,Z,2,-2.65,H,3,46.17
X,0,99.91,Y,1,76.00,Z,2,-1.12,H,3,47.23
X,0,95.45,Y,1,75.45,Z,2,-0.71,H,3,48.29
X,0,92.27,Y,1,75.00,Z,2,-0.20,H,3,49.07
X,0,85.27,Y,1,74.27,Z,2,0.10,H,3,51.03
X,0,80.36,Y,1,76.00,Z,2,-1.53,H,3,53.37
X,0,75.36,Y,1,73.64,Z,2,-4.90,H,3,54.31
X,0,82.00,Y,1,71.36,Z,2,-6.94,H,3,51.00
X,0,84.09,Y,1,70.27,Z,2,-8.78,H,3,49.85
X,0,96.09,Y,1,70.00,Z,2,-17.86,H,3,46.04
X,0,94.64,Y,1,69.91,Z,2,-25.41,H,3,46.42
X,0,91.18,Y,1,65.00,Z,2,-30.82,H,3,45.45
X,0,98.00,Y,1,57.55,Z,2,-32.86,H,3,40.39
X,0,107.73,Y,1,52.00,Z,2,-35.41,H,3,35.74
X,0,116.27,Y,1,46.27,Z,2,-43.37,H,3,31.67
X,0,123.64,Y,1,41.91,Z,2,-47.35,H,3,28.69
X,0,133.82,Y,1,35.00,Z,2,-53.16,H,3,24.63
X,0,141.27,Y,1,27.73,Z,2,-53.78,H,3,21.07
X,0,147.45,Y,1,24.82,Z,2,-51.84,H,3,19.52
X,0,164.45,Y,1,14.00,Z,2,-57.04,H,3,14.84
X,0,171.00,Y,1,8.00,Z,2,-55.82,H,3,12.65
X,0,176.82,Y,1,-1.18,Z,2,-51.12,H,3,9.59
X,0,178.09,Y,1,-4.64,Z,2,-46.22,H,3,8.48
X,0,182.27,Y,1,-9.82,Z,2,-45.20,H,3,6.89
X,0,185.36,Y,1,-13.18,Z,2,-55.71,H,3,5.90
X,0,-372.36,Y,1,-13.55,Z,2,-54.90,H,3,192.05
X,0,-372.36,Y,1,-14.45,Z,2,-52.96,H,3,192.19
X,0,183.55,Y,1,-14.09,Z,2,-51.22,H,3,5.58
X,0,178.45,Y,1,-13.36,Z,2,-46.33,H,3,5.69
X,0,174.45,Y,1,-12.45,Z,2,-43.88,H,3,5.89
X,0,174.36,Y,1,-12.09,Z,2,-44.49,H,3,6.00
X,0,175.09,Y,1,-6.64,Z,2,-43.57,H,3,7.80
X,0,175.45,Y,1,-6.64,Z,2,-42.45,H,3,7.80
X,0,176.27,Y,1,-7.27,Z,2,-42.45,H,3,7.61
X,0,180.64,Y,1,-12.36,Z,2,-43.67,H,3,6.05
X,0,180.36,Y,1,-12.82,Z,2,-43.98,H,3,5.90
X,0,175.73,Y,1,-10.64,Z,2,-50.71,H,3,6.51
X,0,172.64,Y,1,-8.27,Z,2,-48.67,H,3,7.23
X,0,171.82,Y,1,-8.91,Z,2,-46.94,H,3,7.00
X,0,172.09,Y,1,-11.45,Z,2,-46.12,H,3,6.16
X,0,171.45,Y,1,-12.91,Z,2,-48.27,H,3,5.66
X,0,171.73,Y,1,-15.55,Z,2,-44.39,H,3,4.80
X,0,172.73,Y,1,-17.09,Z,2,-42.35,H,3,4.32
X,0,165.64,Y,1,-16.55,Z,2,-37.24,H,3,4.27
X,0,145.64,Y,1,-10.55,Z,2,-30.20,H,3,5.83
X,0,141.55,Y,1,-9.36,Z,2,-24.39,H,3,6.18
X,0,139.18,Y,1,-9.91,Z,2,-7.04,H,3,5.90
X,0,124.45,Y,1,10.82,Z,2,-18.67,H,3,14.94
X,0,108.09,Y,1,35.09,Z,2,-31.02,H,3,27.96
X,0,104.00,Y,1,41.00,Z,2,-23.16,H,3,31.49
X,0,102.45,Y,1,41.45,Z,2,-4.90,H,3,32.00
X,0,101.09,Y,1,45.45,Z,2,-0.20,H,3,34.18
X,0,95.00,Y,1,46.55,Z,2,2.35,H,3,36.07
X,0,81.73,Y,1,46.27,Z,2,8.27,H,3,39.49
X,0,77.09,Y,1,48.18,Z,2,9.49,H,3,41.97
X,0,71.73,Y,1,50.00,Z,2,13.27,H,3,44.85
X,0,68.00,Y,1,51.18,Z,2,13.16,H,3,46.94
X,0,63.55,Y,1,51.82,Z,2,12.76,H,3,49.17
X,0,56.45,Y,1,50.36,Z,2,12.86,H,3,51.71
X,0,53.64,Y,1,51.82,Z,2,12.45,H,3,53.98
X,0,46.45,Y,1,52.82,Z,2,11.63,H,3,58.64
X,0,38.00,Y,1,51.45,Z,2,11.43,H,3,63.52
X,0,31.36,Y,1,49.82,Z,2,11.84,H,3,67.78
X,0,23.82,Y,1,46.64,Z,2,12.45,H,3,72.92
X,0,22.36,Y,1,45.64,Z,2,14.18,H,3,73.86
X,0,20.09,Y,1,48.45,Z,2,15.10,H,3,77.45
X,0,17.91,Y,1,50.27,Z,2,13.88,H,3,80.36
X,0,17.73,Y,1,48.55,Z,2,12.76,H,3,79.91
X,0,17.27,Y,1,38.27,Z,2,3.57,H,3,75.68
X,0,18.45,Y,1,33.36,Z,2,-3.27,H,3,71.02
X,0,37.09,Y,1,28.36,Z,2,-10.10,H,3,47.37
X,0,50.00,Y,1,30.64,Z,2,-12.24,H,3,41.47
X,0,72.73,Y,1,35.27,Z,2,-28.06,H,3,35.84
X,0,100.45,Y,1,36.36,Z,2,-46.53,H,3,29.87
X,0,110.00,Y,1,36.45,Z,2,-54.90,H,3,28.30
X,0,131.64,Y,1,31.91,Z,2,-64.08,H,3,23.60
X,0,137.36,Y,1,28.55,Z,2,-67.76,H,3,21.71
X,0,143.91,Y,1,21.18,Z,2,-74.39,H,3,18.34
X,0,149.45,Y,1,15.18,Z,2,-79.90,H,3,15.77
X,0,157.18,Y,1,12.09,Z,2,-84.59,H,3,14.37
X,0,166.00,Y,1,5.73,Z,2,-89.90,H,3,11.95
X,0,171.27,Y,1,3.55,Z,2,-91.02,H,3,11.16
X,0,180.09,Y,1,-4.09,Z,2,-93.47,H,3,8.67
X,0,181.00,Y,1,-8.82,Z,2,-91.84,H,3,7.18
X,0,-372.36,Y,1,-9.27,Z,2,-89.80,H,3,191.40
X,0,-372.36,Y,1,-17.73,Z,2,-91.22,H,3,192.70
X,0,-372.36,Y,1,-17.73,Z,2,-89.49,H,3,192.70
X,0,-372.36,Y,1,-15.45,Z,2,-87.65,H,3,192.35
X,0,-372.36,Y,1,-14.55,Z,2,-84.08,H,3,192.21
X,0,-372.36,Y,1,-13.91,Z,2,-84.80,H,3,192.11
X,0,-372.36,Y,1,-14.00,Z,2,-85.20,H,3,192.12
X,0,184.55,Y,1,-13.73,Z,2,-85.10,H,3,5.72
X,0,178.55,Y,1,-12.91,Z,2,-83.16,H,3,5.83
X,0,168.64,Y,1,-12.91,Z,2,-80.92,H,3,5.59
X,0,164.27,Y,1,-11.27,Z,2,-80.61,H,3,6.04
X,0,163.18,Y,1,-7.64,Z,2,-79.29,H,3,7.29
X,0,158.73,Y,1,-5.55,Z,2,-80.71,H,3,7.97
X,0,148.09,Y,1,1.64,Z,2,-77.04,H,3,10.60
X,0,142.64,Y,1,4.36,Z,2,-75.10,H,3,11.72
X,0,134.64,Y,1,10.55,Z,2,-69.80,H,3,14.45
X,0,110.64,Y,1,22.09,Z,2,-60.92,H,3,21.26
X,0,103.09,Y,1,25.00,Z,2,-55.10,H,3,23.60
X,0,92.27,Y,1,27.09,Z,2,-42.76,H,3,26.33
X,0,87.91,Y,1,27.18,Z,2,-37.55,H,3,27.15
X,0,81.18,Y,1,26.09,Z,2,-28.47,H,3,27.79
X,0,69.64,Y,1,28.45,Z,2,-24.29,H,3,32.20
X,0,63.09,Y,1,29.18,Z,2,-22.65,H,3,34.79
X,0,56.18,Y,1,28.09,Z,2,-17.14,H,3,36.53
X,0,53.73,Y,1,27.64,Z,2,-15.10,H,3,37.19
X,0,50.27,Y,1,27.00,Z,2,-14.29,H,3,38.21
X,0,55.91,Y,1,28.00,Z,2,-13.57,H,3,36.57
X,0,59.27,Y,1,28.55,Z,2,-12.96,H,3,35.68
X,0,63.82,Y,1,28.91,Z,2,-11.43,H,3,34.34
X,0,67.73,Y,1,29.91,Z,2,-10.71,H,3,33.80
X,0,69.73,Y,1,34.18,Z,2,-5.10,H,3,36.08
X,0,50.73,Y,1,41.45,Z,2,-5.20,H,3,49.23
X,0,44.45,Y,1,44.55,Z,2,-2.86,H,3,55.03
X,0,40.18,Y,1,45.18,Z,2,1.22,H,3,58.32
X,0,40.00,Y,1,44.27,Z,2,3.67,H,3,57.87
X,0,35.82,Y,1,42.09,Z,2,5.41,H,3,59.57
X,0,33.82,Y,1,40.09,Z,2,6.02,H,3,59.82
X,0,28.36,Y,1,39.18,Z,2,2.55,H,3,64.07
X,0,22.73,Y,1,40.82,Z,2,1.22,H,3,70.86
X,0,21.27,Y,1,41.64,Z,2,2.14,H,3,72.91
X,0,17.55,Y,1,41.55,Z,2,2.04,H,3,77.07
X,0,16.64,Y,1,40.82,Z,2,3.27,H,3,77.80
X,0,15.91,Y,1,39.82,Z,2,3.98,H,3,78.19
X,0,13.36,Y,1,39.00,Z,2,4.29,H,3,81.06
X,0,12.73,Y,1,38.73,Z,2,5.61,H,3,81.78
X,0,12.09,Y,1,37.18,Z,2,5.92,H,3,81.96
X,0,12.09,Y,1,37.00,Z,2,6.22,H,3,81.87
X,0,14.00,Y,1,38.18,Z,2,6.02,H,3,79.83
X,0,14.73,Y,1,37.91,Z,2,3.67,H,3,78.74
X,0,15.82,Y,1,38.09,Z,2,1.02,H,3,77.42
X,0,33.36,Y,1,39.55,Z,2,-4.29,H,3,59.82
X,0,44.73,Y,1,41.27,Z,2,-4.08,H,3,52.67
X,0,60.55,Y,1,46.36,Z,2,-10.92,H,3,47.41
X,0,66.09,Y,1,48.00,Z,2,-22.65,H,3,45.96
X,0,66.18,Y,1,47.18,Z,2,-26.73,H,3,45.45
X,0,65.09,Y,1,45.00,Z,2,-32.96,H,3,44.63
X,0,64.36,Y,1,44.09,Z,2,-34.29,H,3,44.38
X,0,62.55,Y,1,41.09,Z,2,-38.98,H,3,43.27
X,0,71.27,Y,1,42.36,Z,2,-57.65,H,3,40.70
X,0,75.55,Y,1,42.09,Z,2,-69.90,H,3,39.09
X,0,88.45,Y,1,41.09,Z,2,-86.02,H,3,34.89
X,0,94.00,Y,1,40.09,Z,2,-90.61,H,3,33.07
X,0,96.73,Y,1,35.82,Z,2,-93.06,H,3,30.29
X,0,101.00,Y,1,34.91,Z,2,-91.12,H,3,29.04
X,0,105.55,Y,1,27.45,Z,2,-94.18,H,3,24.55
X,0,108.45,Y,1,17.18,Z,2,-94.49,H,3,18.97
X,0,113.91,Y,1,11.00,Z,2,-99.90,H,3,15.49
X,0,125.18,Y,1,2.82,Z,2,-99.59,H,3,11.26
X,0,133.36,Y,1,-1.00,Z,2,-100.92,H,3,9.54
X,0,147.73,Y,1,-17.55,Z,2,-112.76,H,3,3.20
X,0,151.82,Y,1,-27.00,Z,2,-115.71,H,3,359.89
X,0,149.73,Y,1,-27.45,Z,2,-113.98,H,3,359.58
X,0,142.00,Y,1,-23.82,Z,2,-103.98,H,3,0.45
X,0,135.18,Y,1,-22.73,Z,2,-96.94,H,3,0.43
X,0,131.91,Y,1,-23.73,Z,2,-90.51,H,3,359.77
X,0,133.64,Y,1,-30.64,Z,2,-91.53,H,3,357.06
X,0,136.18,Y,1,-32.91,Z,2,-91.43,H,3,356.38
X,0,136.18,Y,1,-33.36,Z,2,-88.16,H,3,356.20
X,0,135.73,Y,1,-33.36,Z,2,-87.55,H,3,356.16
X,0,137.82,Y,1,-31.09,Z,2,-87.24,H,3,357.26
X,0,141.82,Y,1,-28.64,Z,2,-90.51,H,3,358.55
X,0,141.27,Y,1,-29.18,Z,2,-91.94,H,3,358.30
X,0,141.45,Y,1,-36.09,Z,2,-109.80,H,3,355.66
X,0,142.09,Y,1,-34.36,Z,2,-118.16,H,3,356.37
X,0,124.27,Y,1,-1.45,Z,2,-105.92,H,3,9.30
X,0,116.91,Y,1,8.45,Z,2,-102.14,H,3,14.11
X,0,105.18,Y,1,23.91,Z,2,-102.76,H,3,22.78
X,0,101.55,Y,1,32.64,Z,2,-86.22,H,3,27.79
X,0,102.64,Y,1,34.64,Z,2,-77.76,H,3,28.62
X,0,99.27,Y,1,33.45,Z,2,-66.12,H,3,28.59
X,0,98.27,Y,1,32.73,Z,2,-64.18,H,3,28.39
X,0,94.00,Y,1,33.45,Z,2,-61.12,H,3,29.56
X,0,81.64,Y,1,35.27,Z,2,-59.18,H,3,33.34
X,0,78.64,Y,1,35.82,Z,2,-60.31,H,3,34.46
X,0,73.18,Y,1,36.64,Z,2,-61.02,H,3,36.56
X,0,69.82,Y,1,37.45,Z,2,-59.39,H,3,38.18
X,0,74.36,Y,1,36.64,Z,2,-59.90,H,3,36.20
X,0,93.27,Y,1,26.82,Z,2,-63.67,H,3,26.01
X,0,103.00,Y,1,19.91,Z,2,-66.94,H,3,20.91
X,0,119.55,Y,1,0.73,Z,2,-68.67,H,3,10.32
X,0,126.27,Y,1,-10.91,Z,2,-64.90,H,3,5.03
X,0,132.09,Y,1,-36.45,Z,2,-62.86,H,3,354.54
X,0,128.00,Y,1,-59.64,Z,2,-60.61,H,3,344.99
X,0,124.91,Y,1,-68.91,Z,2,-55.10,H,3,341.09
X,0,110.00,Y,1,-86.82,Z,2,-49.69,H,3,331.69
X,0,102.36,Y,1,-95.27,Z,2,-47.65,H,3,327.02
X,0,88.18,Y,1,-108.36,Z,2,-42.45,H,3,319.11
X,0,81.36,Y,1,-114.27,Z,2,-40.92,H,3,315.42
X,0,71.82,Y,1,-118.82,Z,2,-37.35,H,3,311.12
X,0,61.36,Y,1,-126.18,Z,2,-35.82,H,3,305.90
X,0,57.55,Y,1,-128.27,Z,2,-35.82,H,3,304.13
X,0,52.27,Y,1,-130.00,Z,2,-34.39,H,3,301.87
X,0,50.73,Y,1,-130.91,Z,2,-33.27,H,3,301.15
X,0,47.91,Y,1,-131.09,Z,2,-32.86,H,3,300.05
X,0,43.64,Y,1,-131.55,Z,2,-31.02,H,3,298.32
X,0,41.36,Y,1,-131.27,Z,2,-30.71,H,3,297.46
X,0,38.27,Y,1,-131.27,Z,2,-30.00,H,3,296.22
X,0,36.64,Y,1,-131.18,Z,2,-29.59,H,3,295.57
X,0,36.73,Y,1,-131.27,Z,2,-28.88,H,3,295.60
X,0,35.45,Y,1,-132.45,Z,2,-31.63,H,3,294.95
X,0,35.00,Y,1,-132.55,Z,2,-30.92,H,3,294.76
X,0,34.36,Y,1,-132.82,Z,2,-29.80,H,3,294.48
X,0,34.18,Y,1,-132.73,Z,2,-30.41,H,3,294.41
X,0,35.36,Y,1,-132.18,Z,2,-29.69,H,3,294.95
X,0,38.27,Y,1,-132.27,Z,2,-31.33,H,3,296.11
X,0,39.27,Y,1,-132.09,Z,2,-30.31,H,3,296.53
X,0,43.09,Y,1,-131.91,Z,2,-30.31,H,3,298.06
X,0,49.55,Y,1,-129.64,Z,2,-30.41,H,3,300.89
X,0,62.82,Y,1,-122.36,Z,2,-29.39,H,3,307.14
X,0,75.27,Y,1,-113.73,Z,2,-29.49,H,3,313.47
X,0,82.18,Y,1,-108.00,Z,2,-29.59,H,3,317.24
X,0,94.00,Y,1,-95.00,Z,2,-28.78,H,3,324.67
X,0,98.27,Y,1,-87.45,Z,2,-29.80,H,3,328.30
X,0,103.55,Y,1,-73.73,Z,2,-28.27,H,3,334.52
X,0,105.27,Y,1,-67.36,Z,2,-27.76,H,3,337.35
X,0,110.55,Y,1,-56.00,Z,2,-28.06,H,3,343.10
X,0,120.00,Y,1,-42.45,Z,2,-36.22,H,3,350.49
X,0,123.18,Y,1,-33.91,Z,2,-39.29,H,3,354.58
X,0,123.55,Y,1,-16.45,Z,2,-38.98,H,3,2.38
X,0,119.36,Y,1,-6.82,Z,2,-36.33,H,3,6.70
X,0,111.09,Y,1,6.45,Z,2,-40.51,H,3,13.29
X,0,96.64,Y,1,16.27,Z,2,-41.12,H,3,19.53
X,0,88.00,Y,1,20.82,Z,2,-38.88,H,3,23.28
X,0,72.36,Y,1,25.82,Z,2,-32.96,H,3,29.61
X,0,66.27,Y,1,27.82,Z,2,-30.71,H,3,32.74
X,0,54.45,Y,1,31.09,Z,2,-26.94,H,3,39.69
X,0,42.09,Y,1,33.64,Z,2,-25.71,H,3,48.60
X,0,35.55,Y,1,34.73,Z,2,-26.22,H,3,54.30
X,0,27.36,Y,1,36.64,Z,2,-27.24,H,3,63.21
X,0,25.73,Y,1,38.36,Z,2,-27.14,H,3,66.12
X,0,18.09,Y,1,38.36,Z,2,-26.22,H,3,74.72
X,0,10.91,Y,1,35.64,Z,2,-21.63,H,3,82.95
X,0,8.45,Y,1,35.00,Z,2,-20.61,H,3,86.39
X,0,2.82,Y,1,34.91,Z,2,-20.61,H,3,95.35
X,0,-4.36,Y,1,35.09,Z,2,-22.24,H,3,107.06
X,0,-12.00,Y,1,34.36,Z,2,-20.82,H,3,119.22
X,0,-13.36,Y,1,35.36,Z,2,-19.59,H,3,120.67
X,0,-14.73,Y,1,35.73,Z,2,-19.59,H,3,122.37
X,0,-22.55,Y,1,33.64,Z,2,-20.20,H,3,133.80
X,0,-25.00,Y,1,33.00,Z,2,-18.88,H,3,137.12
X,0,-27.27,Y,1,31.45,Z,2,-17.96,H,3,140.90
X,0,-28.36,Y,1,31.27,Z,2,-15.92,H,3,142.18
X,0,-30.45,Y,1,28.27,Z,2,-13.98,H,3,147.10
X,0,-30.36,Y,1,27.73,Z,2,-12.76,H,3,147.57
X,0,-29.64,Y,1,28.45,Z,2,-12.55,H,3,146.13
X,0,-23.55,Y,1,31.27,Z,2,-13.67,H,3,136.95
X,0,-18.73,Y,1,32.36,Z,2,-13.78,H,3,130.03
X,0,-9.82,Y,1,34.00,Z,2,-17.86,H,3,116.08
X,0,-6.55,Y,1,35.73,Z,2,-21.22,H,3,110.35
X,0,-6.18,Y,1,36.18,Z,2,-21.63,H,3,109.67
X,0,-5.00,Y,1,36.27,Z,2,-21.12,H,3,107.82
X,0,-3.91,Y,1,37.00,Z,2,-20.71,H,3,106.00
X,0,-1.82,Y,1,38.36,Z,2,-21.73,H,3,102.68
X,0,-1.36,Y,1,39.09,Z,2,-23.27,H,3,101.97
X,0,0.00,Y,1,40.45,Z,2,-23.98,H,3,99.97
X,0,5.55,Y,1,43.73,Z,2,-25.61,H,3,92.74
X,0,8.91,Y,1,44.91,Z,2,-25.10,H,3,88.75
X,0,13.09,Y,1,47.00,Z,2,-26.43,H,3,84.41
X,0,15.27,Y,1,47.45,Z,2,-26.63,H,3,82.13
X,0,17.45,Y,1,47.91,Z,2,-26.63,H,3,79.95
X,0,20.18,Y,1,48.45,Z,2,-26.84,H,3,77.36
X,0,22.36,Y,1,49.27,Z,2,-27.35,H,3,75.56
X,0,27.36,Y,1,51.18,Z,2,-29.29,H,3,71.84
X,0,29.45,Y,1,51.73,Z,2,-29.90,H,3,70.31
X,0,34.73,Y,1,51.82,Z,2,-31.33,H,3,66.14
X,0,41.64,Y,1,50.91,Z,2,-31.22,H,3,60.69
X,0,45.09,Y,1,50.64,Z,2,-30.71,H,3,58.28
X,0,53.18,Y,1,52.91,Z,2,-33.37,H,3,54.82
X,0,58.18,Y,1,55.18,Z,2,-35.51,H,3,53.45
X,0,67.91,Y,1,58.09,Z,2,-40.51,H,3,50.51
X,0,81.45,Y,1,60.27,Z,2,-46.94,H,3,46.47
X,0,85.18,Y,1,60.09,Z,2,-49.39,H,3,45.17
X,0,86.82,Y,1,57.45,Z,2,-48.67,H,3,43.47
X,0,87.82,Y,1,56.91,Z,2,-47.96,H,3,42.91
X,0,89.82,Y,1,55.91,Z,2,-47.65,H,3,41.87
X,0,98.73,Y,1,55.82,Z,2,-48.67,H,3,39.45
X,0,102.55,Y,1,54.91,Z,2,-48.27,H,3,38.14
X,0,113.45,Y,1,54.00,Z,2,-50.71,H,3,35.42
X,0,120.36,Y,1,53.73,Z,2,-52.55,H,3,34.02
X,0,128.00,Y,1,49.91,Z,2,-53.37,H,3,31.27
X,0,132.82,Y,1,46.45,Z,2,-55.51,H,3,29.25
X,0,136.27,Y,1,44.18,Z,2,-55.10,H,3,27.93
X,0,149.91,Y,1,40.36,Z,2,-59.90,H,3,25.04
X,0,154.18,Y,1,38.00,Z,2,-61.73,H,3,23.81
X,0,160.73,Y,1,33.36,Z,2,-63.16,H,3,21.70
X,0,162.91,Y,1,30.45,Z,2,-63.78,H,3,20.56
X,0,169.73,Y,1,23.82,Z,2,-66.73,H,3,17.96
X,0,174.45,Y,1,17.73,Z,2,-71.84,H,3,15.77
X,0,177.09,Y,1,14.55,Z,2,-73.16,H,3,14.66
X,0,180.64,Y,1,8.82,Z,2,-75.31,H,3,12.76
X,0,182.45,Y,1,6.27,Z,2,-76.63,H,3,11.94
X,0,-372.36,Y,1,-3.45,Z,2,-77.55,H,3,190.50
X,0,-372.36,Y,1,-20.82,Z,2,-81.73,H,3,193.17
X,0,-372.36,Y,1,-27.45,Z,2,-83.88,H,3,194.19
X,0,-372.36,Y,1,-36.55,Z,2,-83.06,H,3,195.57
X,0,-372.36,Y,1,-41.18,Z,2,-83.16,H,3,196.28
X,0,-372.36,Y,1,-48.91,Z,2,-81.53,H,3,197.45
X,0,-372.36,Y,1,-57.91,Z,2,-80.20,H,3,198.81
X,0,-372.36,Y,1,-64.00,Z,2,-80.20,H,3,199.72
X,0,182.82,Y,1,-70.64,Z,2,-79.18,H,3,348.84
X,0,180.36,Y,1,-72.91,Z,2,-78.88,H,3,347.96
X,0,177.27,Y,1,-77.00,Z,2,-78.67,H,3,346.49
X,0,174.82,Y,1,-80.73,Z,2,-81.84,H,3,345.18
X,0,173.82,Y,1,-83.55,Z,2,-83.06,H,3,344.30
X,0,173.73,Y,1,-92.36,Z,2,-86.43,H,3,341.97
X,0,173.18,Y,1,-95.00,Z,2,-85.61,H,3,341.22
X,0,167.55,Y,1,-98.55,Z,2,-76.94,H,3,339.51
X,0,165.45,Y,1,-100.00,Z,2,-73.37,H,3,338.82
X,0,162.91,Y,1,-103.82,Z,2,-72.24,H,3,337.46
X,0,159.73,Y,1,-104.09,Z,2,-67.14,H,3,336.88
X,0,158.36,Y,1,-101.45,Z,2,-64.29,H,3,337.32
X,0,147.18,Y,1,-103.55,Z,2,-57.45,H,3,334.84
X,0,139.91,Y,1,-105.64,Z,2,-54.18,H,3,332.92
X,0,122.00,Y,1,-113.36,Z,2,-48.98,H,3,327.07
X,0,108.55,Y,1,-120.55,Z,2,-44.80,H,3,321.97
X,0,106.55,Y,1,-122.91,Z,2,-44.08,H,3,320.89
X,0,100.27,Y,1,-130.00,Z,2,-48.27,H,3,317.61
X,0,99.18,Y,1,-131.55,Z,2,-50.92,H,3,316.98
X,0,92.55,Y,1,-130.91,Z,2,-49.59,H,3,315.23
X,0,84.27,Y,1,-131.55,Z,2,-45.41,H,3,312.61
X,0,80.09,Y,1,-131.09,Z,2,-47.96,H,3,311.39
X,0,74.55,Y,1,-132.18,Z,2,-48.88,H,3,309.39
X,0,72.18,Y,1,-132.64,Z,2,-46.33,H,3,308.52
X,0,69.09,Y,1,-134.55,Z,2,-49.90,H,3,307.15
X,0,67.73,Y,1,-136.73,Z,2,-55.31,H,3,306.32
X,0,66.45,Y,1,-138.00,Z,2,-58.27,H,3,305.68
X,0,59.00,Y,1,-143.36,Z,2,-53.27,H,3,302.34
X,0,58.91,Y,1,-143.55,Z,2,-58.57,H,3,302.28
X,0,61.45,Y,1,-141.09,Z,2,-60.92,H,3,303.51
X,0,60.64,Y,1,-136.45,Z,2,-58.88,H,3,303.93
X,0,57.64,Y,1,-136.36,Z,2,-56.33,H,3,302.88
X,0,50.36,Y,1,-138.00,Z,2,-56.73,H,3,300.02
X,0,49.55,Y,1,-137.45,Z,2,-56.02,H,3,299.79
X,0,44.36,Y,1,-139.18,Z,2,-54.69,H,3,297.65
X,0,42.09,Y,1,-140.36,Z,2,-52.55,H,3,296.66
X,0,41.00,Y,1,-140.27,Z,2,-51.22,H,3,296.26
X,0,38.64,Y,1,-140.27,Z,2,-47.14,H,3,295.37
X,0,37.73,Y,1,-140.00,Z,2,-50.31,H,3,295.05
X,0,35.09,Y,1,-141.27,Z,2,-53.67,H,3,293.92
X,0,35.73,Y,1,-141.18,Z,2,-58.06,H,3,294.17
X,0,38.09,Y,1,-141.09,Z,2,-58.98,H,3,295.08
X,0,39.18,Y,1,-140.36,Z,2,-53.98,H,3,295.57
X,0,39.18,Y,1,-139.18,Z,2,-52.24,H,3,295.69
X,0,38.09,Y,1,-137.45,Z,2,-52.45,H,3,295.46
X,0,36.45,Y,1,-136.73,Z,2,-50.31,H,3,294.90
X,0,34.18,Y,1,-135.45,Z,2,-51.73,H,3,294.13
X,0,31.00,Y,1,-135.18,Z,2,-47.55,H,3,292.89
X,0,29.09,Y,1,-135.18,Z,2,-49.49,H,3,292.11
X,0,26.82,Y,1,-135.27,Z,2,-49.08,H,3,291.18
X,0,26.27,Y,1,-135.18,Z,2,-51.43,H,3,290.97
X,0,25.27,Y,1,-135.09,Z,2,-51.73,H,3,290.57
X,0,29.55,Y,1,-134.00,Z,2,-47.96,H,3,292.40
X,0,34.18,Y,1,-132.64,Z,2,-47.24,H,3,294.42
X,0,47.73,Y,1,-129.73,Z,2,-42.04,H,3,300.17
X,0,52.91,Y,1,-127.82,Z,2,-45.61,H,3,302.46
X,0,53.64,Y,1,-127.82,Z,2,-47.45,H,3,302.73
X,0,54.55,Y,1,-127.73,Z,2,-50.41,H,3,303.09
X,0,59.00,Y,1,-125.82,Z,2,-44.90,H,3,305.09
X,0,63.64,Y,1,-123.82,Z,2,-50.20,H,3,307.17
X,0,65.91,Y,1,-122.09,Z,2,-49.90,H,3,308.33
X,0,70.73,Y,1,-118.55,Z,2,-49.39,H,3,310.79
X,0,73.00,Y,1,-117.27,Z,2,-49.59,H,3,311.87
X,0,77.45,Y,1,-114.64,Z,2,-53.37,H,3,314.01
X,0,83.18,Y,1,-111.27,Z,2,-54.80,H,3,316.75
X,0,86.09,Y,1,-108.64,Z,2,-54.49,H,3,318.37
X,0,91.64,Y,1,-103.55,Z,2,-55.92,H,3,321.48
X,0,94.00,Y,1,-100.55,Z,2,-57.55,H,3,323.04
X,0,96.73,Y,1,-92.82,Z,2,-55.00,H,3,326.15
X,0,98.91,Y,1,-85.55,Z,2,-53.98,H,3,329.11
X,0,99.55,Y,1,-82.27,Z,2,-53.67,H,3,330.40
X,0,101.18,Y,1,-76.09,Z,2,-52.55,H,3,333.03
X,0,102.18,Y,1,-72.18,Z,2,-52.35,H,3,334.73
X,0,103.36,Y,1,-65.18,Z,2,-52.65,H,3,337.73
X,0,105.00,Y,1,-58.45,Z,2,-52.45,H,3,340.86
X,0,105.27,Y,1,-54.36,Z,2,-53.27,H,3,342.66
X,0,105.27,Y,1,-45.64,Z,2,-54.08,H,3,346.53
X,0,105.27,Y,1,-42.00,Z,2,-54.90,H,3,348.22
X,0,105.00,Y,1,-35.91,Z,2,-52.86,H,3,351.09
X,0,103.55,Y,1,-30.27,Z,2,-58.57,H,3,353.67
X,0,102.09,Y,1,-27.36,Z,2,-55.51,H,3,354.97
X,0,98.55,Y,1,-23.82,Z,2,-52.24,H,3,356.38
X,0,97.00,Y,1,-22.55,Z,2,-51.94,H,3,356.88
X,0,94.64,Y,1,-20.00,Z,2,-52.24,H,3,358.04
X,0,94.73,Y,1,-18.91,Z,2,-53.78,H,3,358.68
X,0,96.00,Y,1,-17.18,Z,2,-55.10,H,3,359.82
X,0,97.00,Y,1,-13.64,Z,2,-63.06,H,3,1.97
X,0,97.09,Y,1,-11.55,Z,2,-61.94,H,3,3.19
X,0,97.64,Y,1,-8.36,Z,2,-58.78,H,3,5.07
X,0,97.00,Y,1,-6.55,Z,2,-58.06,H,3,6.11
X,0,93.27,Y,1,-2.91,Z,2,-51.43,H,3,8.18
X,0,89.27,Y,1,-0.73,Z,2,-54.08,H,3,9.50
X,0,87.27,Y,1,0.73,Z,2,-52.04,H,3,10.45
X,0,85.64,Y,1,1.64,Z,2,-57.86,H,3,11.06
X,0,85.27,Y,1,2.55,Z,2,-61.84,H,3,11.68
X,0,85.18,Y,1,3.64,Z,2,-58.67,H,3,12.41
X,0,83.82,Y,1,5.73,Z,2,-56.12,H,3,13.88
X,0,82.73,Y,1,6.45,Z,2,-55.00,H,3,14.43
X,0,80.09,Y,1,8.09,Z,2,-54.08,H,3,15.74
X,0,78.36,Y,1,9.18,Z,2,-52.76,H,3,16.65
X,0,75.00,Y,1,10.27,Z,2,-50.10,H,3,17.77
X,0,71.18,Y,1,11.91,Z,2,-48.57,H,3,19.47
X,0,69.45,Y,1,12.82,Z,2,-48.37,H,3,20.43
X,0,68.27,Y,1,13.82,Z,2,-50.41,H,3,21.41
X,0,68.64,Y,1,13.82,Z,2,-48.06,H,3,21.35
X,0,68.00,Y,1,15.00,Z,2,-50.71,H,3,22.41
X,0,66.82,Y,1,16.55,Z,2,-49.18,H,3,23.88
X,0,62.73,Y,1,19.45,Z,2,-48.06,H,3,27.20
X,0,56.18,Y,1,20.09,Z,2,-48.37,H,3,29.65
X,0,52.36,Y,1,19.91,Z,2,-47.45,H,3,30.79
X,0,46.36,Y,1,18.55,Z,2,-45.61,H,3,31.77
X,0,43.00,Y,1,18.64,Z,2,-43.67,H,3,33.40
X,0,38.36,Y,1,18.00,Z,2,-39.90,H,3,35.11
X,0,36.73,Y,1,16.64,Z,2,-36.73,H,3,34.34
X,0,36.18,Y,1,16.18,Z,2,-36.33,H,3,34.07
X,0,33.73,Y,1,16.45,Z,2,-36.02,H,3,35.98
X,0,32.00,Y,1,17.09,Z,2,-34.80,H,3,38.08
X,0,27.09,Y,1,18.27,Z,2,-34.08,H,3,43.97
X,0,27.55,Y,1,18.91,Z,2,-28.06,H,3,44.44
X,0,29.27,Y,1,19.36,Z,2,-25.31,H,3,43.45
X,0,28.45,Y,1,18.82,Z,2,-24.69,H,3,43.45
X,0,26.64,Y,1,19.00,Z,2,-25.51,H,3,45.47
X,0,20.82,Y,1,17.55,Z,2,-26.63,H,3,50.09
X,0,13.82,Y,1,15.73,Z,2,-26.84,H,3,58.67
X,0,10.91,Y,1,14.36,Z,2,-25.31,H,3,62.75
X,0,8.45,Y,1,12.00,Z,2,-23.37,H,3,64.80
X,0,9.09,Y,1,12.09,Z,2,-22.35,H,3,63.03
X,0,8.55,Y,1,11.91,Z,2,-21.84,H,3,64.31
X,0,7.27,Y,1,12.18,Z,2,-22.04,H,3,69.13
X,0,3.36,Y,1,11.36,Z,2,-23.57,H,3,83.48
X,0,-0.55,Y,1,9.91,Z,2,-25.41,H,3,103.12
X,0,-1.73,Y,1,9.36,Z,2,-25.71,H,3,110.42
X,0,-2.91,Y,1,8.82,Z,2,-26.94,H,3,118.23
X,0,-2.45,Y,1,9.55,Z,2,-26.73,H,3,114.39
X,0,2.64,Y,1,13.64,Z,2,-25.92,H,3,89.03
X,0,5.09,Y,1,20.00,Z,2,-26.22,H,3,85.69
X,0,6.91,Y,1,27.55,Z,2,-29.80,H,3,85.89
X,0,9.91,Y,1,46.45,Z,2,-37.65,H,3,87.93
X,0,11.27,Y,1,57.82,Z,2,-42.24,H,3,88.94
X,0,13.73,Y,1,73.00,Z,2,-46.73,H,3,89.32
X,0,28.82,Y,1,86.82,Z,2,-45.92,H,3,81.61
X,0,39.36,Y,1,93.36,Z,2,-45.61,H,3,77.11
X,0,61.91,Y,1,103.00,Z,2,-45.92,H,3,68.96
X,0,81.09,Y,1,110.27,Z,2,-46.94,H,3,63.64
X,0,110.91,Y,1,111.91,Z,2,-40.10,H,3,55.23
X,0,134.09,Y,1,109.91,Z,2,-36.12,H,3,49.31
X,0,142.18,Y,1,106.55,Z,2,-37.55,H,3,46.82
X,0,153.82,Y,1,91.73,Z,2,-39.90,H,3,40.78
X,0,155.82,Y,1,82.64,Z,2,-41.73,H,3,37.91
X,0,159.73,Y,1,65.82,Z,2,-45.41,H,3,32.36
X,0,161.91,Y,1,57.18,Z,2,-44.08,H,3,29.42
X,0,165.91,Y,1,43.55,Z,2,-42.65,H,3,24.68
X,0,167.91,Y,1,35.27,Z,2,-44.59,H,3,21.83
X,0,167.91,Y,1,32.55,Z,2,-45.82,H,3,20.94
X,0,169.00,Y,1,27.27,Z,2,-46.43,H,3,19.14
X,0,170.45,Y,1,24.91,Z,2,-47.55,H,3,18.28
X,0,168.64,Y,1,18.45,Z,2,-45.41,H,3,16.21
X,0,167.91,Y,1,6.64,Z,2,-39.29,H,3,12.23
X,0,169.64,Y,1,0.64,Z,2,-38.27,H,3,10.18
X,0,173.36,Y,1,-11.27,Z,2,-36.53,H,3,6.25
X,0,172.36,Y,1,-15.36,Z,2,-39.39,H,3,4.88
X,0,170.64,Y,1,-23.00,Z,2,-38.06,H,3,2.29
X,0,167.55,Y,1,-29.00,Z,2,-38.47,H,3,0.15
X,0,166.00,Y,1,-32.09,Z,2,-38.47,H,3,359.03
X,0,164.09,Y,1,-39.82,Z,2,-37.76,H,3,356.33
X,0,163.91,Y,1,-44.82,Z,2,-40.41,H,3,354.68
X,0,163.09,Y,1,-58.91,Z,2,-48.06,H,3,350.11
X,0,158.09,Y,1,-72.64,Z,2,-52.35,H,3,345.29
X,0,156.55,Y,1,-78.09,Z,2,-52.86,H,3,343.46
X,0,155.09,Y,1,-87.55,Z,2,-53.98,H,3,340.53
X,0,153.45,Y,1,-91.91,Z,2,-53.67,H,3,339.05
X,0,147.55,Y,1,-98.36,Z,2,-53.06,H,3,336.28
X,0,143.00,Y,1,-100.82,Z,2,-54.49,H,3,334.78
X,0,140.82,Y,1,-101.55,Z,2,-52.76,H,3,334.17
X,0,138.36,Y,1,-102.91,Z,2,-52.76,H,3,333.33
X,0,135.82,Y,1,-103.36,Z,2,-51.63,H,3,332.70
X,0,128.64,Y,1,-103.73,Z,2,-43.88,H,3,331.09
X,0,125.73,Y,1,-103.45,Z,2,-41.43,H,3,330.52
X,0,121.64,Y,1,-103.91,Z,2,-38.27,H,3,329.46
X,0,121.91,Y,1,-103.73,Z,2,-37.35,H,3,329.58
X,0,123.45,Y,1,-103.73,Z,2,-38.27,H,3,329.93
X,0,125.64,Y,1,-104.18,Z,2,-40.82,H,3,330.30
X,0,125.45,Y,1,-106.00,Z,2,-42.04,H,3,329.77
X,0,123.09,Y,1,-110.36,Z,2,-45.92,H,3,328.09
X,0,131.64,Y,1,-114.27,Z,2,-56.84,H,3,329.01
X,0,132.55,Y,1,-110.18,Z,2,-60.82,H,3,330.23
X,0,117.00,Y,1,-106.09,Z,2,-68.98,H,3,327.77
X,0,108.45,Y,1,-106.18,Z,2,-65.61,H,3,325.58
X,0,99.91,Y,1,-93.27,Z,2,-47.86,H,3,326.94
X,0,96.64,Y,1,-87.09,Z,2,-42.55,H,3,327.94
X,0,98.82,Y,1,-87.73,Z,2,-40.92,H,3,328.37
X,0,96.18,Y,1,-86.73,Z,2,-38.57,H,3,327.93
X,0,94.09,Y,1,-92.55,Z,2,-42.55,H,3,325.44
X,0,91.00,Y,1,-96.27,Z,2,-45.82,H,3,323.36
X,0,94.09,Y,1,-96.36,Z,2,-54.49,H,3,324.29
X,0,94.45,Y,1,-96.27,Z,2,-55.51,H,3,324.42
X,0,94.91,Y,1,-98.45,Z,2,-61.02,H,3,323.92
X,0,96.00,Y,1,-98.91,Z,2,-63.98,H,3,324.11
X,0,95.91,Y,1,-99.64,Z,2,-65.61,H,3,323.88
X,0,96.00,Y,1,-100.00,Z,2,-66.43,H,3,323.80
X,0,96.55,Y,1,-102.09,Z,2,-68.67,H,3,323.37
X,0,99.73,Y,1,-99.91,Z,2,-65.10,H,3,324.92
X,0,108.00,Y,1,-89.73,Z,2,-38.88,H,3,330.25
X,0,3.73,Y,1,-114.82,Z,2,-92.55,H,3,281.83
X,0,38.64,Y,1,-106.09,Z,2,-94.59,H,3,299.98
X,0,130.45,Y,1,-45.73,Z,2,-22.86,H,3,350.65
X,0,78.45,Y,1,-65.73,Z,2,-105.00,H,3,330.01
X,0,128.09,Y,1,-34.82,Z,2,-38.67,H,3,354.76
X,0,90.82,Y,1,-56.18,Z,2,-104.18,H,3,338.23
X,0,73.73,Y,1,-60.09,Z,2,-107.14,H,3,330.79
X,0,128.18,Y,1,-12.64,Z,2,-14.39,H,3,4.34
X,0,57.82,Y,1,-51.45,Z,2,-120.51,H,3,328.30
X,0,112.45,Y,1,-15.64,Z,2,-90.61,H,3,2.05
X,0,96.45,Y,1,-12.18,Z,2,-93.37,H,3,2.77
X,0,77.73,Y,1,-15.09,Z,2,-114.39,H,3,358.98
X,0,112.36,Y,1,6.55,Z,2,-66.94,H,3,13.30
X,0,75.18,Y,1,-20.73,Z,2,-101.02,H,3,354.56
X,0,92.82,Y,1,-15.36,Z,2,-75.31,H,3,0.57
X,0,105.36,Y,1,-14.09,Z,2,-37.14,H,3,2.35
X,0,74.55,Y,1,-33.82,Z,2,-85.00,H,3,345.57
X,0,87.45,Y,1,-21.18,Z,2,-1.12,H,3,356.35
X,0,83.45,Y,1,-24.09,Z,2,-15.92,H,3,353.87
X,0,60.36,Y,1,-37.55,Z,2,-57.14,H,3,338.09
X,0,65.18,Y,1,-25.64,Z,2,5.10,H,3,348.50
X,0,56.09,Y,1,-36.18,Z,2,-52.86,H,3,337.15
X,0,65.64,Y,1,-30.45,Z,2,-1.12,H,3,345.08
X,0,58.73,Y,1,-31.73,Z,2,7.76,H,3,341.59
X,0,54.91,Y,1,-34.73,Z,2,10.61,H,3,337.66
X,0,54.64,Y,1,-35.00,Z,2,10.71,H,3,337.33
X,0,-12.55,Y,1,-56.00,Z,2,-53.98,H,3,267.34
X,0,34.27,Y,1,-41.82,Z,2,-46.22,H,3,319.31
X,0,51.09,Y,1,-36.00,Z,2,-31.63,H,3,334.80
X,0,61.82,Y,1,-35.00,Z,2,-11.63,H,3,340.45
X,0,62.55,Y,1,-35.45,Z,2,-4.90,H,3,340.42
X,0,29.27,Y,1,-52.91,Z,2,-62.24,H,3,308.92
X,0,49.82,Y,1,-45.64,Z,2,-49.39,H,3,327.48
X,0,61.45,Y,1,-37.55,Z,2,-18.98,H,3,338.55
X,0,53.00,Y,1,-35.55,Z,2,7.76,H,3,336.12
X,0,44.27,Y,1,-42.36,Z,2,-55.31,H,3,326.23
X,0,52.55,Y,1,-39.82,Z,2,-46.12,H,3,332.82
X,0,51.18,Y,1,-34.27,Z,2,1.33,H,3,336.16
X,0,43.91,Y,1,-35.09,Z,2,9.29,H,3,331.34
X,0,47.18,Y,1,-40.91,Z,2,-57.76,H,3,329.04
X,0,62.09,Y,1,-34.55,Z,2,-44.18,H,3,340.88
X,0,51.09,Y,1,-35.82,Z,2,8.16,H,3,334.94
X,0,55.36,Y,1,-34.00,Z,2,3.98,H,3,338.41
X,0,46.00,Y,1,-45.82,Z,2,-56.84,H,3,325.08
X,0,54.64,Y,1,-40.00,Z,2,-1.12,H,3,333.76
X,0,43.91,Y,1,-39.73,Z,2,9.08,H,3,327.83
X,0,48.73,Y,1,-44.73,Z,2,-45.92,H,3,327.42
X,0,59.55,Y,1,-37.64,Z,2,-21.22,H,3,337.67
X,0,49.27,Y,1,-38.55,Z,2,-1.63,H,3,331.93
X,0,39.27,Y,1,-38.91,Z,2,5.20,H,3,325.24
X,0,36.45,Y,1,-38.73,Z,2,5.61,H,3,323.24
X,0,35.09,Y,1,-38.91,Z,2,3.78,H,3,322.02
X,0,44.27,Y,1,-47.18,Z,2,-126.73,H,3,323.15
X,0,69.64,Y,1,-37.91,Z,2,-70.71,H,3,341.41
X,0,50.36,Y,1,-42.91,Z,2,-13.37,H,3,329.54
X,0,42.91,Y,1,-45.36,Z,2,-7.45,H,3,323.38
X,0,46.36,Y,1,-45.18,Z,2,-6.84,H,3,325.71
X,0,49.18,Y,1,-43.82,Z,2,-8.67,H,3,328.27
X,0,50.73,Y,1,-42.00,Z,2,-8.88,H,3,330.35
X,0,46.55,Y,1,-38.00,Z,2,5.20,H,3,330.74
X,0,39.64,Y,1,-36.36,Z,2,7.76,H,3,327.44
X,0,34.64,Y,1,-31.64,Z,2,-116.22,H,3,327.56
X,0,73.55,Y,1,-28.36,Z,2,-27.35,H,3,348.88
X,0,60.18,Y,1,-40.00,Z,2,-16.22,H,3,336.36
X,0,59.36,Y,1,-44.18,Z,2,-9.59,H,3,333.31
X,0,57.73,Y,1,-44.36,Z,2,-10.20,H,3,332.43
X,0,51.45,Y,1,-43.91,Z,2,-7.76,H,3,329.49
X,0,42.82,Y,1,-42.45,Z,2,-2.65,H,3,325.21
X,0,76.64,Y,1,-37.45,Z,2,-37.55,H,3,343.92
X,0,86.45,Y,1,-55.18,Z,2,-87.86,H,3,337.42
X,0,69.00,Y,1,-46.64,Z,2,-26.22,H,3,335.92
X,0,39.00,Y,1,-45.18,Z,2,-6.33,H,3,320.77
X,0,38.36,Y,1,-44.64,Z,2,-8.16,H,3,320.65
X,0,40.91,Y,1,-43.64,Z,2,-6.02,H,3,323.12
X,0,37.18,Y,1,-43.09,Z,2,-5.00,H,3,320.76
X,0,33.00,Y,1,-43.45,Z,2,-0.31,H,3,317.18
X,0,54.64,Y,1,-33.36,Z,2,-3.78,H,3,338.56
X,0,57.64,Y,1,-38.36,Z,2,-101.94,H,3,336.32
X,0,58.73,Y,1,-40.45,Z,2,-14.90,H,3,335.41
X,0,32.27,Y,1,-45.55,Z,2,-3.27,H,3,315.29
X,0,35.55,Y,1,-43.73,Z,2,-5.31,H,3,319.08
X,0,47.09,Y,1,-43.45,Z,2,-11.43,H,3,327.27
X,0,49.64,Y,1,-42.55,Z,2,-12.86,H,3,329.37
X,0,49.55,Y,1,-37.82,Z,2,-7.65,H,3,332.61
X,0,49.27,Y,1,-38.91,Z,2,-8.67,H,3,331.67
X,0,49.64,Y,1,-38.09,Z,2,-10.92,H,3,332.47
X,0,51.91,Y,1,-35.55,Z,2,-14.49,H,3,335.57
X,0,53.91,Y,1,-34.36,Z,2,-15.71,H,3,337.45
X,0,56.18,Y,1,-34.55,Z,2,-18.47,H,3,338.38
X,0,54.55,Y,1,-34.73,Z,2,-17.14,H,3,337.49
X,0,51.00,Y,1,-34.27,Z,2,-15.41,H,3,336.07
X,0,50.73,Y,1,-34.82,Z,2,-13.47,H,3,335.50
X,0,52.64,Y,1,-35.27,Z,2,-13.67,H,3,336.14
X,0,56.27,Y,1,-37.45,Z,2,-13.67,H,3,336.32
X,0,53.55,Y,1,-33.91,Z,2,-12.14,H,3,337.62
X,0,53.18,Y,1,-30.27,Z,2,-13.98,H,3,340.32
X,0,55.64,Y,1,-28.45,Z,2,-18.98,H,3,342.88
X,0,56.45,Y,1,-27.36,Z,2,-17.76,H,3,344.11
X,0,55.64,Y,1,-27.18,Z,2,-18.6